-- MySQL Script generated by MySQL Workbench
-- seg 29 out 2018 16:54:42 -03
-- Model: New Model    Version: 1.0
-- MySQL Workbench Forward Engineering

SET @OLD_UNIQUE_CHECKS=@@UNIQUE_CHECKS, UNIQUE_CHECKS=0;
SET @OLD_FOREIGN_KEY_CHECKS=@@FOREIGN_KEY_CHECKS, FOREIGN_KEY_CHECKS=0;
SET @OLD_SQL_MODE=@@SQL_MODE, SQL_MODE='TRADITIONAL,ALLOW_INVALID_DATES';

-- -----------------------------------------------------
-- Schema bd_sihv
-- -----------------------------------------------------

-- -----------------------------------------------------
-- Schema bd_sihv
-- -----------------------------------------------------
CREATE SCHEMA IF NOT EXISTS `bd_sihv` ;
USE `bd_sihv` ;

-- -----------------------------------------------------
-- Table `bd_sihv`.`animals`
-- -----------------------------------------------------
CREATE TABLE IF NOT EXISTS `bd_sihv`.`animals` (
  `PK_animal` INT NOT NULL AUTO_INCREMENT,
  `animalName` VARCHAR(70) NOT NULL,
  `genderAnimal` SET('M', 'F') NOT NULL,
  `animalAge` VARCHAR(100) NOT NULL,
  `deathAnimal` TINYINT(1) NOT NULL,
  `registrationDate` TIMESTAMP NOT NULL,
  PRIMARY KEY (`PK_animal`))
ENGINE = InnoDB
DEFAULT CHARACTER SET = latin1;


-- -----------------------------------------------------
-- Table `bd_sihv`.`people`
-- -----------------------------------------------------
CREATE TABLE IF NOT EXISTS `bd_sihv`.`people` (
  `PK_person` INT NOT NULL AUTO_INCREMENT,
  `namePerson` VARCHAR(100) NOT NULL,
  `email` VARCHAR(100) NOT NULL,
  `logicalExclusion` TINYINT(1) NOT NULL,
  `registrationDate` TIMESTAMP NOT NULL,
  PRIMARY KEY (`PK_person`))
ENGINE = InnoDB
DEFAULT CHARACTER SET = latin1;


-- -----------------------------------------------------
-- Table `bd_sihv`.`phones`
-- -----------------------------------------------------
CREATE TABLE IF NOT EXISTS `bd_sihv`.`phones` (
  `PK_phone` INT NOT NULL AUTO_INCREMENT,
  `numberPhone` VARCHAR(15) NOT NULL,
  `people_PK_person` INT NOT NULL,
  PRIMARY KEY (`PK_phone`),
  INDEX `fk_phones_people1_idx` (`people_PK_person` ASC),
  CONSTRAINT `fk_phones_people1`
    FOREIGN KEY (`people_PK_person`)
    REFERENCES `bd_sihv`.`people` (`PK_person`)
    ON DELETE NO ACTION
    ON UPDATE NO ACTION)
ENGINE = InnoDB;


-- -----------------------------------------------------
-- Table `bd_sihv`.`owners`
-- -----------------------------------------------------
CREATE TABLE IF NOT EXISTS `bd_sihv`.`owners` (
  `PK_owner` INT NOT NULL AUTO_INCREMENT,
  `people_PK_person` INT NOT NULL,
  PRIMARY KEY (`PK_owner`),
  INDEX `fk_owners_people1_idx` (`people_PK_person` ASC),
  CONSTRAINT `fk_owners_people1`
    FOREIGN KEY (`people_PK_person`)
    REFERENCES `bd_sihv`.`people` (`PK_person`)
    ON DELETE NO ACTION
    ON UPDATE NO ACTION)
ENGINE = InnoDB;


-- -----------------------------------------------------
-- Table `bd_sihv`.`users`
-- -----------------------------------------------------
CREATE TABLE IF NOT EXISTS `bd_sihv`.`users` (
  `PK_user` INT NOT NULL AUTO_INCREMENT,
  `userName` VARCHAR(100) NOT NULL,
  `password` VARCHAR(100) NOT NULL,
  `userProfile` SET('médico veterinário', 'discente', 'radiologista') NOT NULL,
  `userFunction` SET('residente', 'docente', 'técnico', 'monitor', 'recepcionista', 'estagiário', 'voluntário') NOT NULL,
  `registrationNumber` VARCHAR(50) NOT NULL,
  `people_PK_people` INT NOT NULL,
  PRIMARY KEY (`PK_user`),
  UNIQUE INDEX `CRMV_MATRICULA_UNIQUE` (`registrationNumber` ASC),
  INDEX `fk_users_people1_idx` (`people_PK_people` ASC),
  CONSTRAINT `fk_users_people1`
    FOREIGN KEY (`people_PK_people`)
    REFERENCES `bd_sihv`.`people` (`PK_person`)
    ON DELETE NO ACTION
    ON UPDATE NO ACTION)
ENGINE = InnoDB;


-- -----------------------------------------------------
-- Table `bd_sihv`.`animalPhoto`
-- -----------------------------------------------------
CREATE TABLE IF NOT EXISTS `bd_sihv`.`animalPhoto` (
  `PK_animalPhoto` INT NOT NULL AUTO_INCREMENT,
  `animals_PK_animal` INT NOT NULL,
  PRIMARY KEY (`PK_animalPhoto`),
  INDEX `fk_animalPhoto_animals1_idx` (`animals_PK_animal` ASC),
  CONSTRAINT `fk_animalPhoto_animals1`
    FOREIGN KEY (`animals_PK_animal`)
    REFERENCES `bd_sihv`.`animals` (`PK_animal`)
    ON DELETE NO ACTION
    ON UPDATE NO ACTION)
ENGINE = InnoDB;


-- -----------------------------------------------------
-- Table `bd_sihv`.`ownersHasAnimals`
-- -----------------------------------------------------
CREATE TABLE IF NOT EXISTS `bd_sihv`.`ownersHasAnimals` (
  `PK_ownersHasAnimals` INT NOT NULL AUTO_INCREMENT,
  `owners_PK_owner` INT NOT NULL,
  `animals_PK_animal` INT NOT NULL,
  PRIMARY KEY (`PK_ownersHasAnimals`),
  INDEX `fk_owners_has_animals_animals1_idx` (`animals_PK_animal` ASC),
  INDEX `fk_owners_has_animals_owners1_idx` (`owners_PK_owner` ASC),
  CONSTRAINT `fk_owners_has_animals_owners1`
    FOREIGN KEY (`owners_PK_owner`)
    REFERENCES `bd_sihv`.`owners` (`PK_owner`)
    ON DELETE NO ACTION
    ON UPDATE NO ACTION,
  CONSTRAINT `fk_owners_has_animals_animals1`
    FOREIGN KEY (`animals_PK_animal`)
    REFERENCES `bd_sihv`.`animals` (`PK_animal`)
    ON DELETE NO ACTION
    ON UPDATE NO ACTION)
ENGINE = InnoDB;


-- -----------------------------------------------------
-- Table `bd_sihv`.`scheduling`
-- -----------------------------------------------------
CREATE TABLE IF NOT EXISTS `bd_sihv`.`scheduling` (
  `Pk_schedule` INT NOT NULL AUTO_INCREMENT,
  `typeService` SET('Nova consulta', 'Retorno') NOT NULL,
  `statusService` SET('agendado(a)', 'confirmado(a)', 'efetivado(a)', 'cancelado(a)') NOT NULL,
  `ownersHasAnimals_PK_ownersHasAnimals` INT NULL,
  `schedulingDate` TIMESTAMP NOT NULL,
  PRIMARY KEY (`Pk_schedule`),
  INDEX `fk_scheduling_ownersHasAnimals1_idx` (`ownersHasAnimals_PK_ownersHasAnimals` ASC),
  CONSTRAINT `fk_scheduling_ownersHasAnimals1`
    FOREIGN KEY (`ownersHasAnimals_PK_ownersHasAnimals`)
    REFERENCES `bd_sihv`.`ownersHasAnimals` (`PK_ownersHasAnimals`)
    ON DELETE NO ACTION
    ON UPDATE NO ACTION)
ENGINE = InnoDB;


-- -----------------------------------------------------
-- Table `bd_sihv`.`vetConsultation`
-- -----------------------------------------------------
CREATE TABLE IF NOT EXISTS `bd_sihv`.`vetConsultation` (
  `PK_vetConsultation` INT NOT NULL AUTO_INCREMENT,
  `totalCostConsultation` DECIMAL(6,2) NOT NULL,
  `diagPresuntivo` VARCHAR(254) NOT NULL,
  `diagDiferencial` VARCHAR(254) NOT NULL,
  `diagDefinitivo` VARCHAR(254) NULL,
  `users_PK_user` INT NOT NULL,
  `ownersHasAnimals_PK_ownersHasAnimals` INT NOT NULL,
  `scheduling_Pk_schedule` INT NOT NULL,
  `applicationDate` TIMESTAMP NOT NULL,
  PRIMARY KEY (`PK_vetConsultation`),
  INDEX `fk_consulta_users1_idx` (`users_PK_user` ASC),
  INDEX `fk_vetConsultation_ownersHasAnimals1_idx` (`ownersHasAnimals_PK_ownersHasAnimals` ASC),
  INDEX `fk_vetConsultation_scheduling1_idx` (`scheduling_Pk_schedule` ASC),
  CONSTRAINT `fk_consulta_users1`
    FOREIGN KEY (`users_PK_user`)
    REFERENCES `bd_sihv`.`users` (`PK_user`)
    ON DELETE NO ACTION
    ON UPDATE NO ACTION,
  CONSTRAINT `fk_vetConsultation_ownersHasAnimals1`
    FOREIGN KEY (`ownersHasAnimals_PK_ownersHasAnimals`)
    REFERENCES `bd_sihv`.`ownersHasAnimals` (`PK_ownersHasAnimals`)
    ON DELETE NO ACTION
    ON UPDATE NO ACTION,
  CONSTRAINT `fk_vetConsultation_scheduling1`
    FOREIGN KEY (`scheduling_Pk_schedule`)
    REFERENCES `bd_sihv`.`scheduling` (`Pk_schedule`)
    ON DELETE NO ACTION
    ON UPDATE NO ACTION)
ENGINE = InnoDB;


-- -----------------------------------------------------
-- Table `bd_sihv`.`anamnese`
-- -----------------------------------------------------
CREATE TABLE IF NOT EXISTS `bd_sihv`.`anamnese` (
  `PK_anamnese` INT NOT NULL AUTO_INCREMENT,
  `escalaPeso` SET('g', 'kg') NOT NULL,
  `pesoCorp` DOUBLE NOT NULL,
  `queixaPrincipal` VARCHAR(300) NOT NULL,
  `jaFoiTratado` SET('Sim', 'Não') NOT NULL,
  `medicacaoDose` VARCHAR(1000) NULL,
  `antecMorbido` VARCHAR(254) NOT NULL,
  `histoFamiliar` VARCHAR(254) NOT NULL,
  `alimentacaoCaseira` SET('Sim', 'Não') NOT NULL,
  `descriCaseira` VARCHAR(254) NULL,
  `alimentacaoRacao` SET('Sim', 'Não') NOT NULL,
  `descriRacao` VARCHAR(254) NULL,
  `vacinacao` VARCHAR(30) NOT NULL,
  `sobreVacina` VARCHAR(254) NULL,
  `origemVacina` SET('Nacional', 'Importada') NULL,
  `vermifugacao` SET('Sim', 'Não') NOT NULL,
  `doseVermifugacao` VARCHAR(50) NULL,
  `dataVermifugacao` DATE NULL,
  `ectoparasitas` SET('Sim', 'Não') NOT NULL,
  `qualEctoparasitas` VARCHAR(34) NULL,
  `controEctoparasitas` SET('Sim', 'Não') NULL,
  `qualProdutoUtiliza` VARCHAR(50) NULL,
  `acessoRua` SET('Não', 'Sozinho', ' Acompanhado') NOT NULL,
  `descriHabitat` VARCHAR(254) NULL,
  `contactantes` SET('Sim', 'Não') NULL,
  `descriContactantes` VARCHAR(254) NULL,
  `mesmoProbleContacta` SET('Sim', 'Não') NULL,
  `contatoRoedor` SET('Sim', 'Não') NULL,
  `vetConsultation_PK_vetConsultation` INT NOT NULL,
  PRIMARY KEY (`PK_anamnese`, `vetConsultation_PK_vetConsultation`),
  INDEX `fk_anamnese_vetConsultation1_idx` (`vetConsultation_PK_vetConsultation` ASC),
  CONSTRAINT `fk_anamnese_vetConsultation1`
    FOREIGN KEY (`vetConsultation_PK_vetConsultation`)
    REFERENCES `bd_sihv`.`vetConsultation` (`PK_vetConsultation`)
    ON DELETE NO ACTION
    ON UPDATE NO ACTION)
ENGINE = InnoDB;


-- -----------------------------------------------------
-- Table `bd_sihv`.`sisDigestorio`
-- -----------------------------------------------------
CREATE TABLE IF NOT EXISTS `bd_sihv`.`sisDigestorio` (
  `PK_sisDigestorio` INT NOT NULL AUTO_INCREMENT,
  `estaSeAlimentando` SET('Sim', 'Não') NOT NULL,
  `descriNaoSeAlimeta` VARCHAR(254) NULL,
  `vomito` SET('Sim', 'Não') NOT NULL,
  `aspectoVomito` VARCHAR(100) NULL,
  `evoluVomito` VARCHAR(254) NULL,
  `regurgitacao` SET('Sim', 'Não') NOT NULL,
  `evoluRegurgitacao` VARCHAR(254) NULL,
  `diarreia` SET('Sim', 'Não') NOT NULL,
  `aspectDiarreia` VARCHAR(100) NULL,
  `evoluDiarreia` VARCHAR(254) NULL,
  `disquesiaTenesmo` SET('Sim', 'Não') NOT NULL,
  `evoluDisquesiaTenesmo` VARCHAR(254) NULL,
  `sistemaAfetado` SET('Sim', 'Não') NOT NULL,
  `vetConsultation_PK_vetConsultation` INT NOT NULL,
  PRIMARY KEY (`PK_sisDigestorio`, `vetConsultation_PK_vetConsultation`),
  INDEX `fk_sisDigestorio_vetConsultation1_idx` (`vetConsultation_PK_vetConsultation` ASC),
  CONSTRAINT `fk_sisDigestorio_vetConsultation1`
    FOREIGN KEY (`vetConsultation_PK_vetConsultation`)
    REFERENCES `bd_sihv`.`vetConsultation` (`PK_vetConsultation`)
    ON DELETE NO ACTION
    ON UPDATE NO ACTION)
ENGINE = InnoDB;


-- -----------------------------------------------------
-- Table `bd_sihv`.`sisRespCardio`
-- -----------------------------------------------------
CREATE TABLE IF NOT EXISTS `bd_sihv`.`sisRespCardio` (
  `PK_sisRespCardio` INT NOT NULL AUTO_INCREMENT,
  `tosse` SET('Sim', 'Não') NOT NULL,
  `tosseProdutiva` SET('Produtiva', 'Não produtiva', 'N.D.N.') NULL,
  `tosseEvolu` VARCHAR(254) NULL,
  `espirro` SET('Sim', 'Não') NOT NULL,
  `espirroEvolu` VARCHAR(254) NULL,
  `secrecaoNasal` SET('Sim', 'Não') NOT NULL,
  `secreNasalUniBilateral` SET('Unilateral(esquerdo)', 'Unilateral(direito)', 'Bilateral', 'N.D.N.') NULL,
  `secreNasalTipo` VARCHAR(100) NULL,
  `secreNasalEvolu` VARCHAR(254) NULL,
  `dispneiaTaquipneia` SET('Sim', 'Não') NOT NULL,
  `dispnTaquipEvolu` VARCHAR(254) NULL,
  `cianose` SET('Sim', 'Não') NOT NULL,
  `cianoseEvolu` VARCHAR(254) NULL,
  `cansacoFacil` SET('Sim', 'Não') NOT NULL,
  `cansaFacilEvolu` VARCHAR(254) NULL,
  `sincope` SET('Sim', 'Não') NOT NULL,
  `sincopeEvolu` VARCHAR(254) NULL,
  `emagrecimento` SET('Sim', 'Não') NOT NULL,
  `emagrecEvolu` VARCHAR(254) NULL,
  `sistemaAfetado` SET('Sim', 'Não') NOT NULL,
  `vetConsultation_PK_vetConsultation` INT NOT NULL,
  PRIMARY KEY (`PK_sisRespCardio`, `vetConsultation_PK_vetConsultation`),
  INDEX `fk_sisRespCardio_vetConsultation1_idx` (`vetConsultation_PK_vetConsultation` ASC),
  CONSTRAINT `fk_sisRespCardio_vetConsultation1`
    FOREIGN KEY (`vetConsultation_PK_vetConsultation`)
    REFERENCES `bd_sihv`.`vetConsultation` (`PK_vetConsultation`)
    ON DELETE NO ACTION
    ON UPDATE NO ACTION)
ENGINE = InnoDB;


-- -----------------------------------------------------
-- Table `bd_sihv`.`sisUrinarioMamaria`
-- -----------------------------------------------------
CREATE TABLE IF NOT EXISTS `bd_sihv`.`sisUrinarioMamaria` (
  `PK_sisUrinarioMamaria` INT NOT NULL AUTO_INCREMENT,
  `ingestHidrica` SET('Normal', 'Hipodipsia', 'Polidipsia') NOT NULL,
  `ingestHidricaEvolu` VARCHAR(254) NULL,
  `estadoUrina` SET('Normal', 'Alterado') NOT NULL,
  `urina` SET('Anúria', 'Oligúria', 'Poliúria', 'Incontinência', 'Iscúria', 'N.D.N.') NOT NULL,
  `urinaAspecto` VARCHAR(254) NULL,
  `urinaEvolu` VARCHAR(254) NULL,
  `ultimoCio` VARCHAR(254) NULL,
  `prenhez` SET('Sim', 'Não', 'Nada digno de nota devido o animal ser do gênero masculino') NOT NULL,
  `prenhezDescricao` VARCHAR(254) NULL,
  `ultimoParto` VARCHAR(254) NULL,
  `secreVagiPeni` SET('Sim', 'Não') NOT NULL,
  `secreVagiPeniTipo` VARCHAR(100) NULL,
  `secreVagiPeniEvolu` VARCHAR(254) NULL,
  `castrado` SET('Sim', 'Não') NOT NULL,
  `sistemaAfetado` SET('Sim', 'Não') NOT NULL,
  `vetConsultation_PK_vetConsultation` INT NOT NULL,
  PRIMARY KEY (`PK_sisUrinarioMamaria`, `vetConsultation_PK_vetConsultation`),
  INDEX `fk_sisUrinarioMamaria_vetConsultation1_idx` (`vetConsultation_PK_vetConsultation` ASC),
  CONSTRAINT `fk_sisUrinarioMamaria_vetConsultation1`
    FOREIGN KEY (`vetConsultation_PK_vetConsultation`)
    REFERENCES `bd_sihv`.`vetConsultation` (`PK_vetConsultation`)
    ON DELETE NO ACTION
    ON UPDATE NO ACTION)
ENGINE = InnoDB;


-- -----------------------------------------------------
-- Table `bd_sihv`.`sisTegumentar`
-- -----------------------------------------------------
CREATE TABLE IF NOT EXISTS `bd_sihv`.`sisTegumentar` (
  `PK_sisTegumentar` INT NOT NULL AUTO_INCREMENT,
  `evoluLesao` VARCHAR(254) NOT NULL,
  `localiLesao` VARCHAR(254) NOT NULL,
  `pruridoCutaneo` SET('Sim', 'Não') NOT NULL,
  `pruridoCutaneoEvolu` VARCHAR(100) NULL,
  `pruridoOtolog` SET('Sim', 'Não') NOT NULL,
  `pruridoOtologEvolu` VARCHAR(100) NULL,
  `secreOtolog` SET('Sim', 'Não') NOT NULL,
  `secreOtologEvolu` VARCHAR(100) NULL,
  `frequeBanhos` VARCHAR(100) NOT NULL,
  `produUtilBanho` VARCHAR(254) NULL,
  `preTratamen` SET('Sim', 'Não') NOT NULL,
  `preTratamenDescri` VARCHAR(254) NULL,
  `sistemaAfetado` SET('Sim', 'Não') NOT NULL,
  `vetConsultation_PK_vetConsultation` INT NOT NULL,
  PRIMARY KEY (`PK_sisTegumentar`, `vetConsultation_PK_vetConsultation`),
  INDEX `fk_sisTegumentar_vetConsultation1_idx` (`vetConsultation_PK_vetConsultation` ASC),
  CONSTRAINT `fk_sisTegumentar_vetConsultation1`
    FOREIGN KEY (`vetConsultation_PK_vetConsultation`)
    REFERENCES `bd_sihv`.`vetConsultation` (`PK_vetConsultation`)
    ON DELETE NO ACTION
    ON UPDATE NO ACTION)
ENGINE = InnoDB;


-- -----------------------------------------------------
-- Table `bd_sihv`.`sisNeurologico`
-- -----------------------------------------------------
CREATE TABLE IF NOT EXISTS `bd_sihv`.`sisNeurologico` (
  `PK_sisNeurologico` INT NOT NULL AUTO_INCREMENT,
  `consciencia` SET('Alerta', 'Depressão', 'Esturpor', 'Coma') NOT NULL,
  `comportamento` SET('Normal', 'Demência', 'Agressividade') NOT NULL,
  `ataxia` SET('Sim', 'Não') NOT NULL,
  `ataxiaTipo` VARCHAR(100) NULL,
  `ataxiaEvolu` VARCHAR(254) NULL,
  `paralisia` SET('Sim', 'Não') NOT NULL,
  `paralisiaEspFla` SET('Espástica', 'Flácida', 'N.D.N.') NULL,
  `paralisiaTipo` VARCHAR(100) NULL,
  `paralisiaEvolu` VARCHAR(254) NULL,
  `convulsao` SET('Sim', 'Não') NOT NULL,
  `convulsaoTipo` VARCHAR(100) NULL,
  `convulsaoEvolu` VARCHAR(254) NULL,
  `audicao` SET('Normal', 'Perda auditiva') NOT NULL,
  `sistemaAfetado` SET('Sim', 'Não') NOT NULL,
  `vetConsultation_PK_vetConsultation` INT NOT NULL,
  PRIMARY KEY (`PK_sisNeurologico`, `vetConsultation_PK_vetConsultation`),
  INDEX `fk_sisNeurologico_vetConsultation1_idx` (`vetConsultation_PK_vetConsultation` ASC),
  CONSTRAINT `fk_sisNeurologico_vetConsultation1`
    FOREIGN KEY (`vetConsultation_PK_vetConsultation`)
    REFERENCES `bd_sihv`.`vetConsultation` (`PK_vetConsultation`)
    ON DELETE NO ACTION
    ON UPDATE NO ACTION)
ENGINE = InnoDB;


-- -----------------------------------------------------
-- Table `bd_sihv`.`sisOftalmico`
-- -----------------------------------------------------
CREATE TABLE IF NOT EXISTS `bd_sihv`.`sisOftalmico` (
  `PK_sisOftalmico` INT NOT NULL AUTO_INCREMENT,
  `olhosPupila` SET('Normal', 'Amaurose', 'Anisocoria', 'Estrabismo', 'Midríase', 'Miose') NOT NULL,
  `secreOcular` SET('Sim', 'Não') NOT NULL,
  `secreOcularUniBi` SET('Unilateral(esquerdo)', 'Unilateral(direito)', 'Bilateral', 'N.D.N.') NULL,
  `secreOculaTipo` VARCHAR(100) NULL,
  `secreOculaEvolu` VARCHAR(254) NULL,
  `blefaroespasmo` SET('Sim', 'Não') NOT NULL,
  `blefaroComenta` VARCHAR(100) NULL,
  `exoftalmia` SET('Sim', 'Não') NOT NULL,
  `exoftalComenta` VARCHAR(100) NULL,
  `sistemaAfetado` SET('Sim', 'Não') NOT NULL,
  `vetConsultation_PK_vetConsultation` INT NOT NULL,
  PRIMARY KEY (`PK_sisOftalmico`, `vetConsultation_PK_vetConsultation`),
  INDEX `fk_sisOftalmico_vetConsultation1_idx` (`vetConsultation_PK_vetConsultation` ASC),
  CONSTRAINT `fk_sisOftalmico_vetConsultation1`
    FOREIGN KEY (`vetConsultation_PK_vetConsultation`)
    REFERENCES `bd_sihv`.`vetConsultation` (`PK_vetConsultation`)
    ON DELETE NO ACTION
    ON UPDATE NO ACTION)
ENGINE = InnoDB;


-- -----------------------------------------------------
-- Table `bd_sihv`.`sisMuscEsque`
-- -----------------------------------------------------
CREATE TABLE IF NOT EXISTS `bd_sihv`.`sisMuscEsque` (
  `PK_sisMuscEsque` INT NOT NULL AUTO_INCREMENT,
  `claudicacao` SET('Sim', 'Não') NOT NULL,
  `claudicacaoEvolu` VARCHAR(254) NULL,
  `fraturas` SET('Sim', 'Não') NOT NULL,
  `fraturasEvolu` VARCHAR(254) NULL,
  `atrofMusc` SET('Sim', 'Não') NOT NULL,
  `atrofMuscEvolu` VARCHAR(254) NULL,
  `posturaAnimal` SET('Normal', 'Decúbito', 'Sentado', 'Sentado LD', 'Sentado LE', 'Apoio parcial', 'I.funcional') NOT NULL,
  `sistemaAfetado` SET('Sim', 'Não') NOT NULL,
  `vetConsultation_PK_vetConsultation` INT NOT NULL,
  PRIMARY KEY (`PK_sisMuscEsque`, `vetConsultation_PK_vetConsultation`),
  INDEX `fk_sisMuscEsque_vetConsultation1_idx` (`vetConsultation_PK_vetConsultation` ASC),
  CONSTRAINT `fk_sisMuscEsque_vetConsultation1`
    FOREIGN KEY (`vetConsultation_PK_vetConsultation`)
    REFERENCES `bd_sihv`.`vetConsultation` (`PK_vetConsultation`)
    ON DELETE NO ACTION
    ON UPDATE NO ACTION)
ENGINE = InnoDB;


-- -----------------------------------------------------
-- Table `bd_sihv`.`exameFisico`
-- -----------------------------------------------------
CREATE TABLE IF NOT EXISTS `bd_sihv`.`exameFisico` (
  `PK_exameFisico` INT NOT NULL AUTO_INCREMENT,
  `fcBpm` DECIMAL(4,0) NOT NULL,
  `frMpm` DECIMAL(4,0) NOT NULL,
  `termpeReta` DECIMAL(5,1) NOT NULL,
  `tpc` DECIMAL(4,0) NOT NULL,
  `estadoNutric` SET('Bom', 'Caquético', 'Magro', 'Gordo', 'Obeso') NOT NULL,
  `mucosaOral` SET('Róseas', 'Pálidas', 'Perláceas', 'Cianóticas', 'Congestas', 'Ictéricas') NOT NULL,
  `mucosVagPeni` SET('Róseas', 'Pálidas', 'Perláceas', 'Cianóticas', 'Congestas', 'Ictéricas') NOT NULL,
  `mucosaOcular` SET('Róseas', 'Pálidas', 'Perláceas', 'Cianóticas', 'Congestas', 'Ictéricas') NOT NULL,
  `pulso` SET('Normocinético', 'Hipocinético', 'Hipercinético', 'Ausente') NOT NULL,
  `estadoPulso` SET('Regular', 'Irregular', 'Ausente') NOT NULL,
  `hidratacao` SET('Hidratado', '4-6% de desidratação', '6-8% de desidratação', '8-10% de desidratação', '>12% de desidratação') NOT NULL,
  `palpaAbdom` VARCHAR(254) NOT NULL,
  `auscuCardiaca` VARCHAR(254) NOT NULL,
  `auscuPulmona` VARCHAR(254) NOT NULL,
  `linfonodos` VARCHAR(254) NOT NULL,
  `pelePelos` VARCHAR(254) NOT NULL,
  `inforAdiciona` VARCHAR(900) NULL,
  `vetConsultation_PK_vetConsultation` INT NOT NULL,
  PRIMARY KEY (`PK_exameFisico`, `vetConsultation_PK_vetConsultation`),
  INDEX `fk_exameFisico_vetConsultation1_idx` (`vetConsultation_PK_vetConsultation` ASC),
  CONSTRAINT `fk_exameFisico_vetConsultation1`
    FOREIGN KEY (`vetConsultation_PK_vetConsultation`)
    REFERENCES `bd_sihv`.`vetConsultation` (`PK_vetConsultation`)
    ON DELETE NO ACTION
    ON UPDATE NO ACTION)
ENGINE = InnoDB;


-- -----------------------------------------------------
-- Table `bd_sihv`.`exameImage`
-- -----------------------------------------------------
CREATE TABLE IF NOT EXISTS `bd_sihv`.`exameImage` (
  `PK_exameImage` INT NOT NULL AUTO_INCREMENT,
  `regiExami` VARCHAR(254) NOT NULL,
  `subRegion` VARCHAR(254) NULL,
  `posicao` VARCHAR(50) NULL,
  `suspicionClinical` VARCHAR(254) NULL,
  `laudo` VARCHAR(254) NULL,
  `qtdChapas` INT NULL,
  `doseTechnique` VARCHAR(254) NULL,
  `numberStudies` INT NULL,
  `additionalInfo` VARCHAR(254) NULL,
  `tipo` SET('RaioX', 'Ultrassom') NOT NULL,
  `statusExamImage` SET('Atendido', 'Pendente') NOT NULL,
  `examImageCod` VARCHAR(100) NOT NULL,
  `vetConsultation_PK_vetConsultation` INT NOT NULL,
  `atendimentoData` DATETIME(6) NULL,
  `solicitacaoData` TIMESTAMP NOT NULL,
  PRIMARY KEY (`PK_exameImage`, `vetConsultation_PK_vetConsultation`),
  INDEX `fk_exameImage_vetConsultation1_idx` (`vetConsultation_PK_vetConsultation` ASC),
  CONSTRAINT `fk_exameImage_vetConsultation1`
    FOREIGN KEY (`vetConsultation_PK_vetConsultation`)
    REFERENCES `bd_sihv`.`vetConsultation` (`PK_vetConsultation`)
    ON DELETE NO ACTION
    ON UPDATE NO ACTION)
ENGINE = InnoDB;


-- -----------------------------------------------------
-- Table `bd_sihv`.`physicalPerson`
-- -----------------------------------------------------
CREATE TABLE IF NOT EXISTS `bd_sihv`.`physicalPerson` (
  `PK_physicalPerson` INT NOT NULL AUTO_INCREMENT,
  `gender` SET('M', 'F') NOT NULL,
  `people_PK_person` INT NOT NULL,
  PRIMARY KEY (`PK_physicalPerson`, `people_PK_person`),
  INDEX `fk_physicalPerson_people1_idx` (`people_PK_person` ASC),
  CONSTRAINT `fk_physicalPerson_people1`
    FOREIGN KEY (`people_PK_person`)
    REFERENCES `bd_sihv`.`people` (`PK_person`)
    ON DELETE NO ACTION
    ON UPDATE NO ACTION)
ENGINE = InnoDB;


-- -----------------------------------------------------
-- Table `bd_sihv`.`legalPerson`
-- -----------------------------------------------------
CREATE TABLE IF NOT EXISTS `bd_sihv`.`legalPerson` (
  `PK_legalPerson` INT NOT NULL AUTO_INCREMENT,
  `cnpj` VARCHAR(18) NOT NULL,
  `descriptionEntity` VARCHAR(100) NOT NULL,
  `people_PK_person` INT NOT NULL,
  PRIMARY KEY (`PK_legalPerson`),
  INDEX `fk_legalPerson_people1_idx` (`people_PK_person` ASC),
  UNIQUE INDEX `cnpj_UNIQUE` (`cnpj` ASC),
  CONSTRAINT `fk_legalPerson_people1`
    FOREIGN KEY (`people_PK_person`)
    REFERENCES `bd_sihv`.`people` (`PK_person`)
    ON DELETE NO ACTION
    ON UPDATE NO ACTION)
ENGINE = InnoDB;


-- -----------------------------------------------------
-- Table `bd_sihv`.`classAnimal`
-- -----------------------------------------------------
CREATE TABLE IF NOT EXISTS `bd_sihv`.`classAnimal` (
  `PK_classAnimal` INT NOT NULL AUTO_INCREMENT,
  `nameClass` VARCHAR(100) NOT NULL,
  PRIMARY KEY (`PK_classAnimal`))
ENGINE = InnoDB;


-- -----------------------------------------------------
-- Table `bd_sihv`.`order`
-- -----------------------------------------------------
CREATE TABLE IF NOT EXISTS `bd_sihv`.`order` (
  `PK_order` INT NOT NULL AUTO_INCREMENT,
  `classAnimal_PK_classAnimal` INT NOT NULL,
  `orderName` VARCHAR(100) NOT NULL,
  `dataOrderRegister` TIMESTAMP NOT NULL,
  PRIMARY KEY (`PK_order`, `classAnimal_PK_classAnimal`),
  INDEX `fk_order_classAnimal1_idx` (`classAnimal_PK_classAnimal` ASC),
  CONSTRAINT `fk_order_classAnimal1`
    FOREIGN KEY (`classAnimal_PK_classAnimal`)
    REFERENCES `bd_sihv`.`classAnimal` (`PK_classAnimal`)
    ON DELETE NO ACTION
    ON UPDATE NO ACTION)
ENGINE = InnoDB;


-- -----------------------------------------------------
-- Table `bd_sihv`.`genre`
-- -----------------------------------------------------
CREATE TABLE IF NOT EXISTS `bd_sihv`.`genre` (
  `PK_genre` INT NOT NULL AUTO_INCREMENT,
  `order_PK_order` INT NOT NULL,
  `order_classAnimal_PK_classAnimal` INT NOT NULL,
  `genreName` VARCHAR(100) NOT NULL,
  `dataGenreRegister` TIMESTAMP NOT NULL,
  PRIMARY KEY (`PK_genre`, `order_PK_order`, `order_classAnimal_PK_classAnimal`),
  INDEX `fk_genre_order1_idx` (`order_PK_order` ASC, `order_classAnimal_PK_classAnimal` ASC),
  CONSTRAINT `fk_genre_order1`
    FOREIGN KEY (`order_PK_order` , `order_classAnimal_PK_classAnimal`)
    REFERENCES `bd_sihv`.`order` (`PK_order` , `classAnimal_PK_classAnimal`)
    ON DELETE NO ACTION
    ON UPDATE NO ACTION)
ENGINE = InnoDB;


-- -----------------------------------------------------
-- Table `bd_sihv`.`species`
-- -----------------------------------------------------
CREATE TABLE IF NOT EXISTS `bd_sihv`.`species` (
  `PK_species` INT NOT NULL AUTO_INCREMENT,
  `genre_PK_genre` INT NOT NULL,
  `genre_order_PK_order` INT NOT NULL,
  `genre_order_classAnimal_PK_classAnimal` INT NOT NULL,
  `nameSpecies` VARCHAR(100) NOT NULL,
  `dataSpeciesRegister` TIMESTAMP NOT NULL,
  PRIMARY KEY (`PK_species`, `genre_PK_genre`, `genre_order_PK_order`, `genre_order_classAnimal_PK_classAnimal`),
  INDEX `fk_species_genre1_idx` (`genre_PK_genre` ASC, `genre_order_PK_order` ASC, `genre_order_classAnimal_PK_classAnimal` ASC),
  CONSTRAINT `fk_species_genre1`
    FOREIGN KEY (`genre_PK_genre` , `genre_order_PK_order` , `genre_order_classAnimal_PK_classAnimal`)
    REFERENCES `bd_sihv`.`genre` (`PK_genre` , `order_PK_order` , `order_classAnimal_PK_classAnimal`)
    ON DELETE NO ACTION
    ON UPDATE NO ACTION)
ENGINE = InnoDB;


-- -----------------------------------------------------
-- Table `bd_sihv`.`races`
-- -----------------------------------------------------
CREATE TABLE IF NOT EXISTS `bd_sihv`.`races` (
  `PK_races` INT NOT NULL AUTO_INCREMENT,
  `species_PK_species` INT NOT NULL,
  `species_genre_PK_genre` INT NOT NULL,
  `species_genre_order_PK_order` INT NOT NULL,
  `species_genre_order_classAnimal_PK_classAnimal` INT NOT NULL,
  `nameRaces` VARCHAR(100) NOT NULL,
  `dataRaceRegister` TIMESTAMP NOT NULL,
  PRIMARY KEY (`PK_races`, `species_PK_species`, `species_genre_PK_genre`, `species_genre_order_PK_order`, `species_genre_order_classAnimal_PK_classAnimal`),
  INDEX `fk_races_species1_idx` (`species_PK_species` ASC, `species_genre_PK_genre` ASC, `species_genre_order_PK_order` ASC, `species_genre_order_classAnimal_PK_classAnimal` ASC),
  CONSTRAINT `fk_races_species1`
    FOREIGN KEY (`species_PK_species` , `species_genre_PK_genre` , `species_genre_order_PK_order` , `species_genre_order_classAnimal_PK_classAnimal`)
    REFERENCES `bd_sihv`.`species` (`PK_species` , `genre_PK_genre` , `genre_order_PK_order` , `genre_order_classAnimal_PK_classAnimal`)
    ON DELETE NO ACTION
    ON UPDATE NO ACTION)
ENGINE = InnoDB;


-- -----------------------------------------------------
-- Table `bd_sihv`.`newAnimalAndOwner`
-- -----------------------------------------------------
CREATE TABLE IF NOT EXISTS `bd_sihv`.`newAnimalAndOwner` (
  `scheduling_Pk_schedule` INT NOT NULL,
  `proprietaryName` VARCHAR(100) NOT NULL,
  `animalName` VARCHAR(70) NOT NULL,
  `proprietaryPhone1` VARCHAR(15) NOT NULL,
  `proprietaryPhone2` VARCHAR(15) NULL,
  `proprietaryPhone3` VARCHAR(15) NULL,
  PRIMARY KEY (`scheduling_Pk_schedule`),
  INDEX `fk_newAnimalAndOwner_scheduling1_idx` (`scheduling_Pk_schedule` ASC),
  CONSTRAINT `fk_newAnimalAndOwner_scheduling1`
    FOREIGN KEY (`scheduling_Pk_schedule`)
    REFERENCES `bd_sihv`.`scheduling` (`Pk_schedule`)
    ON DELETE NO ACTION
    ON UPDATE NO ACTION)
ENGINE = InnoDB;


-- -----------------------------------------------------
-- Table `bd_sihv`.`logBook`
-- -----------------------------------------------------
CREATE TABLE IF NOT EXISTS `bd_sihv`.`logBook` (
  `PK_logBook` INT NOT NULL AUTO_INCREMENT,
  `task` VARCHAR(254) NOT NULL,
  PRIMARY KEY (`PK_logBook`))
ENGINE = InnoDB;


-- -----------------------------------------------------
-- Table `bd_sihv`.`powers`
-- -----------------------------------------------------
CREATE TABLE IF NOT EXISTS `bd_sihv`.`powers` (
  `PK_power` INT NOT NULL AUTO_INCREMENT,
  `namePower` VARCHAR(100) NOT NULL,
  `descriptionPower` VARCHAR(254) NOT NULL,
  PRIMARY KEY (`PK_power`))
ENGINE = InnoDB;


-- -----------------------------------------------------
-- Table `bd_sihv`.`nation`
-- -----------------------------------------------------
CREATE TABLE IF NOT EXISTS `bd_sihv`.`nation` (
  `PK_nation` INT NOT NULL AUTO_INCREMENT,
  `fullNameNation` VARCHAR(100) NOT NULL,
  `iso3166_1Alpha2` VARCHAR(2) NOT NULL,
  `registrationDate` TIMESTAMP NOT NULL,
  PRIMARY KEY (`PK_nation`))
ENGINE = InnoDB;


-- -----------------------------------------------------
-- Table `bd_sihv`.`federationUnity`
-- -----------------------------------------------------
CREATE TABLE IF NOT EXISTS `bd_sihv`.`federationUnity` (
  `PK_federationUnity` INT NOT NULL AUTO_INCREMENT,
  `uf` VARCHAR(2) NOT NULL,
  `fullName` VARCHAR(100) NOT NULL,
  `nation_PK_nation` INT NOT NULL,
  `registrationDate` TIMESTAMP NOT NULL,
  PRIMARY KEY (`PK_federationUnity`),
  INDEX `fk_federationUnity_nation1_idx` (`nation_PK_nation` ASC),
  CONSTRAINT `fk_federationUnity_nation1`
    FOREIGN KEY (`nation_PK_nation`)
    REFERENCES `bd_sihv`.`nation` (`PK_nation`)
    ON DELETE NO ACTION
    ON UPDATE NO ACTION)
ENGINE = InnoDB;


-- -----------------------------------------------------
-- Table `bd_sihv`.`city`
-- -----------------------------------------------------
CREATE TABLE IF NOT EXISTS `bd_sihv`.`city` (
  `PK_city` INT NOT NULL AUTO_INCREMENT,
  `fullNameCity` VARCHAR(100) NOT NULL,
  `federationUnity_PK_federationUnity` INT NOT NULL,
  `registrationDate` TIMESTAMP NOT NULL,
  PRIMARY KEY (`PK_city`),
  INDEX `fk_city_federationUnity1_idx` (`federationUnity_PK_federationUnity` ASC),
  CONSTRAINT `fk_city_federationUnity1`
    FOREIGN KEY (`federationUnity_PK_federationUnity`)
    REFERENCES `bd_sihv`.`federationUnity` (`PK_federationUnity`)
    ON DELETE NO ACTION
    ON UPDATE NO ACTION)
ENGINE = InnoDB;


-- -----------------------------------------------------
-- Table `bd_sihv`.`street`
-- -----------------------------------------------------
CREATE TABLE IF NOT EXISTS `bd_sihv`.`street` (
  `PK_street` INT NOT NULL AUTO_INCREMENT,
  `nameStreet` VARCHAR(100) NOT NULL,
  `registrationDate` TIMESTAMP NOT NULL,
  PRIMARY KEY (`PK_street`))
ENGINE = InnoDB;


-- -----------------------------------------------------
-- Table `bd_sihv`.`powers_has_users`
-- -----------------------------------------------------
CREATE TABLE IF NOT EXISTS `bd_sihv`.`powers_has_users` (
  `PK_powersHasUsers` INT NOT NULL AUTO_INCREMENT,
  `powers_PK_power` INT NOT NULL,
  `users_PK_user` INT NOT NULL,
  PRIMARY KEY (`PK_powersHasUsers`),
  INDEX `fk_powers_has_users_users1_idx` (`users_PK_user` ASC),
  INDEX `fk_powers_has_users_powers1_idx` (`powers_PK_power` ASC),
  CONSTRAINT `fk_powers_has_users_powers1`
    FOREIGN KEY (`powers_PK_power`)
    REFERENCES `bd_sihv`.`powers` (`PK_power`)
    ON DELETE NO ACTION
    ON UPDATE NO ACTION,
  CONSTRAINT `fk_powers_has_users_users1`
    FOREIGN KEY (`users_PK_user`)
    REFERENCES `bd_sihv`.`users` (`PK_user`)
    ON DELETE NO ACTION
    ON UPDATE NO ACTION)
ENGINE = InnoDB;


-- -----------------------------------------------------
-- Table `bd_sihv`.`neighborhood`
-- -----------------------------------------------------
CREATE TABLE IF NOT EXISTS `bd_sihv`.`neighborhood` (
  `PK_neighborhood` INT NOT NULL AUTO_INCREMENT,
  `neighborhood` VARCHAR(100) NOT NULL,
  `city_PK_city` INT NOT NULL,
  `registrationDate` TIMESTAMP NOT NULL,
  PRIMARY KEY (`PK_neighborhood`, `city_PK_city`),
  INDEX `fk_neighborhood_city1_idx` (`city_PK_city` ASC),
  CONSTRAINT `fk_neighborhood_city1`
    FOREIGN KEY (`city_PK_city`)
    REFERENCES `bd_sihv`.`city` (`PK_city`)
    ON DELETE NO ACTION
    ON UPDATE NO ACTION)
ENGINE = InnoDB;


-- -----------------------------------------------------
-- Table `bd_sihv`.`address`
-- -----------------------------------------------------
CREATE TABLE IF NOT EXISTS `bd_sihv`.`address` (
  `PK_address` INT NOT NULL AUTO_INCREMENT,
  `neighborhood_PK_neighborhood` INT NOT NULL,
  `neighborhood_city_PK_city` INT NOT NULL,
  `street_PK_street` INT NOT NULL,
  PRIMARY KEY (`PK_address`),
  INDEX `fk_address_neighborhood1_idx` (`neighborhood_PK_neighborhood` ASC, `neighborhood_city_PK_city` ASC),
  INDEX `fk_address_street1_idx` (`street_PK_street` ASC),
  CONSTRAINT `fk_address_neighborhood1`
    FOREIGN KEY (`neighborhood_PK_neighborhood` , `neighborhood_city_PK_city`)
    REFERENCES `bd_sihv`.`neighborhood` (`PK_neighborhood` , `city_PK_city`)
    ON DELETE NO ACTION
    ON UPDATE NO ACTION,
  CONSTRAINT `fk_address_street1`
    FOREIGN KEY (`street_PK_street`)
    REFERENCES `bd_sihv`.`street` (`PK_street`)
    ON DELETE NO ACTION
    ON UPDATE NO ACTION)
ENGINE = InnoDB;


-- -----------------------------------------------------
-- Table `bd_sihv`.`houses`
-- -----------------------------------------------------
CREATE TABLE IF NOT EXISTS `bd_sihv`.`houses` (
  `PK_house` INT NOT NULL AUTO_INCREMENT,
  `numberHouse` VARCHAR(9) NOT NULL,
  `numberCEP` VARCHAR(9) NULL,
  `complement` VARCHAR(100) NULL,
  `people_PK_person` INT NOT NULL,
  `address_PK_address` INT NOT NULL,
  PRIMARY KEY (`PK_house`),
  INDEX `fk_houses_people1_idx` (`people_PK_person` ASC),
  INDEX `fk_houses_address1_idx` (`address_PK_address` ASC),
  CONSTRAINT `fk_houses_people1`
    FOREIGN KEY (`people_PK_person`)
    REFERENCES `bd_sihv`.`people` (`PK_person`)
    ON DELETE NO ACTION
    ON UPDATE NO ACTION,
  CONSTRAINT `fk_houses_address1`
    FOREIGN KEY (`address_PK_address`)
    REFERENCES `bd_sihv`.`address` (`PK_address`)
    ON DELETE NO ACTION
    ON UPDATE NO ACTION)
ENGINE = InnoDB;


-- -----------------------------------------------------
-- Table `bd_sihv`.`typeProcedure`
-- -----------------------------------------------------
CREATE TABLE IF NOT EXISTS `bd_sihv`.`typeProcedure` (
  `PK_typeProcedure` INT NOT NULL AUTO_INCREMENT,
  `nameTypeProced` VARCHAR(100) NOT NULL,
  PRIMARY KEY (`PK_typeProcedure`))
ENGINE = InnoDB;


-- -----------------------------------------------------
-- Table `bd_sihv`.`procedures`
-- -----------------------------------------------------
CREATE TABLE IF NOT EXISTS `bd_sihv`.`procedures` (
  `PK_procedure` INT NOT NULL AUTO_INCREMENT,
  `nameProcedure` VARCHAR(100) NOT NULL,
  `disableProcedure` TINYINT(1) NOT NULL,
  `typeProcedure_PK_typeProcedure` INT NOT NULL,
  `applicationDate` TIMESTAMP NOT NULL,
  PRIMARY KEY (`PK_procedure`),
  INDEX `fk_procedures_typeProcedure1_idx` (`typeProcedure_PK_typeProcedure` ASC),
  CONSTRAINT `fk_procedures_typeProcedure1`
    FOREIGN KEY (`typeProcedure_PK_typeProcedure`)
    REFERENCES `bd_sihv`.`typeProcedure` (`PK_typeProcedure`)
    ON DELETE NO ACTION
    ON UPDATE NO ACTION)
ENGINE = InnoDB;


-- -----------------------------------------------------
-- Table `bd_sihv`.`category`
-- -----------------------------------------------------
CREATE TABLE IF NOT EXISTS `bd_sihv`.`category` (
  `PK_category` INT NOT NULL AUTO_INCREMENT,
  `abbreviation` VARCHAR(2) NOT NULL,
  `description` VARCHAR(100) NOT NULL,
  `applicationDate` TIMESTAMP NOT NULL,
  PRIMARY KEY (`PK_category`))
ENGINE = InnoDB;


-- -----------------------------------------------------
-- Table `bd_sihv`.`prices`
-- -----------------------------------------------------
CREATE TABLE IF NOT EXISTS `bd_sihv`.`prices` (
  `procedures_PK_procedure` INT NOT NULL,
  `category_PK_category` INT NULL,
  `price` DECIMAL(6,2) NOT NULL,
  `dosage` SET('unica', '/ml') NOT NULL,
  PRIMARY KEY (`procedures_PK_procedure`),
  INDEX `fk_category_has_procedures_procedures1_idx` (`procedures_PK_procedure` ASC),
  INDEX `fk_category_has_procedures_category1_idx` (`category_PK_category` ASC),
  CONSTRAINT `fk_category_has_procedures_category1`
    FOREIGN KEY (`category_PK_category`)
    REFERENCES `bd_sihv`.`category` (`PK_category`)
    ON DELETE NO ACTION
    ON UPDATE NO ACTION,
  CONSTRAINT `fk_category_has_procedures_procedures1`
    FOREIGN KEY (`procedures_PK_procedure`)
    REFERENCES `bd_sihv`.`procedures` (`PK_procedure`)
    ON DELETE NO ACTION
    ON UPDATE NO ACTION)
ENGINE = InnoDB;


-- -----------------------------------------------------
-- Table `bd_sihv`.`proceduresApplied`
-- -----------------------------------------------------
CREATE TABLE IF NOT EXISTS `bd_sihv`.`proceduresApplied` (
  `procedures_PK_procedure` INT NOT NULL,
  `vetConsultation_PK_vetConsultation` INT NOT NULL,
  `applicationDate` TIMESTAMP NOT NULL,
  PRIMARY KEY (`procedures_PK_procedure`, `vetConsultation_PK_vetConsultation`),
  INDEX `fk_proceduresApplied_procedures1_idx` (`procedures_PK_procedure` ASC),
  INDEX `fk_proceduresApplied_vetConsultation1_idx` (`vetConsultation_PK_vetConsultation` ASC),
  CONSTRAINT `fk_proceduresApplied_procedures1`
    FOREIGN KEY (`procedures_PK_procedure`)
    REFERENCES `bd_sihv`.`procedures` (`PK_procedure`)
    ON DELETE NO ACTION
    ON UPDATE NO ACTION,
  CONSTRAINT `fk_proceduresApplied_vetConsultation1`
    FOREIGN KEY (`vetConsultation_PK_vetConsultation`)
    REFERENCES `bd_sihv`.`vetConsultation` (`PK_vetConsultation`)
    ON DELETE NO ACTION
    ON UPDATE NO ACTION)
ENGINE = InnoDB;


-- -----------------------------------------------------
-- Table `bd_sihv`.`logBook_has_users`
-- -----------------------------------------------------
CREATE TABLE IF NOT EXISTS `bd_sihv`.`logBook_has_users` (
  `PK_logBookHasUsers` INT NOT NULL AUTO_INCREMENT,
  `logBook_PK_logBook` INT NOT NULL,
  `users_PK_user` INT NOT NULL,
  `description` VARCHAR(254) NOT NULL,
  `registrationDate` TIMESTAMP NOT NULL,
  INDEX `fk_logBook_has_users_users1_idx` (`users_PK_user` ASC),
  INDEX `fk_logBook_has_users_logBook1_idx` (`logBook_PK_logBook` ASC),
  PRIMARY KEY (`PK_logBookHasUsers`),
  CONSTRAINT `fk_logBook_has_users_logBook1`
    FOREIGN KEY (`logBook_PK_logBook`)
    REFERENCES `bd_sihv`.`logBook` (`PK_logBook`)
    ON DELETE NO ACTION
    ON UPDATE NO ACTION,
  CONSTRAINT `fk_logBook_has_users_users1`
    FOREIGN KEY (`users_PK_user`)
    REFERENCES `bd_sihv`.`users` (`PK_user`)
    ON DELETE NO ACTION
    ON UPDATE NO ACTION)
ENGINE = InnoDB;


-- -----------------------------------------------------
-- Table `bd_sihv`.`cpf`
-- -----------------------------------------------------
CREATE TABLE IF NOT EXISTS `bd_sihv`.`cpf` (
  `PK_cpf` INT NOT NULL AUTO_INCREMENT,
  `cpf` VARCHAR(18) NOT NULL,
  `physicalPerson_PK_physicalPerson` INT NOT NULL,
  `physicalPerson_people_PK_person` INT NOT NULL,
  PRIMARY KEY (`PK_cpf`),
  UNIQUE INDEX `cpf_UNIQUE` (`cpf` ASC),
  INDEX `fk_cpf_physicalPerson1_idx` (`physicalPerson_PK_physicalPerson` ASC, `physicalPerson_people_PK_person` ASC),
  CONSTRAINT `fk_cpf_physicalPerson1`
    FOREIGN KEY (`physicalPerson_PK_physicalPerson` , `physicalPerson_people_PK_person`)
    REFERENCES `bd_sihv`.`physicalPerson` (`PK_physicalPerson` , `people_PK_person`)
    ON DELETE NO ACTION
    ON UPDATE NO ACTION)
ENGINE = InnoDB;


-- -----------------------------------------------------
-- Table `bd_sihv`.`rg`
-- -----------------------------------------------------
CREATE TABLE IF NOT EXISTS `bd_sihv`.`rg` (
  `PK_rg` INT NOT NULL AUTO_INCREMENT,
  `rg` VARCHAR(20) NOT NULL,
  `physicalPerson_PK_physicalPerson` INT NOT NULL,
  `physicalPerson_people_PK_person` INT NOT NULL,
  PRIMARY KEY (`PK_rg`),
  INDEX `fk_rg_physicalPerson1_idx` (`physicalPerson_PK_physicalPerson` ASC, `physicalPerson_people_PK_person` ASC),
  CONSTRAINT `fk_rg_physicalPerson1`
    FOREIGN KEY (`physicalPerson_PK_physicalPerson` , `physicalPerson_people_PK_person`)
    REFERENCES `bd_sihv`.`physicalPerson` (`PK_physicalPerson` , `people_PK_person`)
    ON DELETE NO ACTION
    ON UPDATE NO ACTION)
ENGINE = InnoDB;


-- -----------------------------------------------------
-- Table `bd_sihv`.`hospitalization`
-- -----------------------------------------------------
CREATE TABLE IF NOT EXISTS `bd_sihv`.`hospitalization` (
  `PK_hospitalization` INT NOT NULL AUTO_INCREMENT,
  `reasonExitAnimal` SET('alta', 'soltura imediata', 'destinação', 'óbito', 'evasão') NOT NULL,
  `dateExitAnimal` DATE NULL,
  `dataEntryAnimal` TIMESTAMP NOT NULL,
  PRIMARY KEY (`PK_hospitalization`))
ENGINE = InnoDB;


-- -----------------------------------------------------
-- Table `bd_sihv`.`veterinaryInvolved`
-- -----------------------------------------------------
CREATE TABLE IF NOT EXISTS `bd_sihv`.`veterinaryInvolved` (
  `PK_veterinaryInvolved` INT NOT NULL AUTO_INCREMENT,
  PRIMARY KEY (`PK_veterinaryInvolved`))
ENGINE = InnoDB;


-- -----------------------------------------------------
-- Table `bd_sihv`.`smallAnimal`
-- -----------------------------------------------------
CREATE TABLE IF NOT EXISTS `bd_sihv`.`smallAnimal` (
  `PK_smallAnimal` INT NOT NULL AUTO_INCREMENT,
  `races_PK_races` INT NOT NULL,
  `races_species_PK_species` INT NOT NULL,
  `races_species_genre_PK_genre` INT NOT NULL,
  `races_species_genre_order_PK_order` INT NOT NULL,
  `races_species_genre_order_classAnimal_PK_classAnimal` INT NOT NULL,
  `animals_PK_animal` INT NOT NULL,
  PRIMARY KEY (`PK_smallAnimal`),
  INDEX `fk_smallAnimal_races1_idx` (`races_PK_races` ASC, `races_species_PK_species` ASC, `races_species_genre_PK_genre` ASC, `races_species_genre_order_PK_order` ASC, `races_species_genre_order_classAnimal_PK_classAnimal` ASC),
  INDEX `fk_smallAnimal_animals1_idx` (`animals_PK_animal` ASC),
  CONSTRAINT `fk_smallAnimal_races1`
    FOREIGN KEY (`races_PK_races` , `races_species_PK_species` , `races_species_genre_PK_genre` , `races_species_genre_order_PK_order` , `races_species_genre_order_classAnimal_PK_classAnimal`)
    REFERENCES `bd_sihv`.`races` (`PK_races` , `species_PK_species` , `species_genre_PK_genre` , `species_genre_order_PK_order` , `species_genre_order_classAnimal_PK_classAnimal`)
    ON DELETE NO ACTION
    ON UPDATE NO ACTION,
  CONSTRAINT `fk_smallAnimal_animals1`
    FOREIGN KEY (`animals_PK_animal`)
    REFERENCES `bd_sihv`.`animals` (`PK_animal`)
    ON DELETE NO ACTION
    ON UPDATE NO ACTION)
ENGINE = InnoDB;


-- -----------------------------------------------------
-- Table `bd_sihv`.`sylvan`
-- -----------------------------------------------------
CREATE TABLE IF NOT EXISTS `bd_sihv`.`sylvan` (
  `PK_sylvan` INT NOT NULL AUTO_INCREMENT,
  `typeAnimal` SET('silvestre', 'pet não convencional') NOT NULL,
  PRIMARY KEY (`PK_sylvan`))
ENGINE = InnoDB;


-- -----------------------------------------------------
-- Table `bd_sihv`.`nonConventionalPet`
-- -----------------------------------------------------
CREATE TABLE IF NOT EXISTS `bd_sihv`.`nonConventionalPet` (
  `PK_nonConventionalPet` INT NOT NULL AUTO_INCREMENT,
  PRIMARY KEY (`PK_nonConventionalPet`))
ENGINE = InnoDB;


-- -----------------------------------------------------
-- Table `bd_sihv`.`greatAnimal`
-- -----------------------------------------------------
CREATE TABLE IF NOT EXISTS `bd_sihv`.`greatAnimal` (
  `PK_greatAnimal` INT NOT NULL AUTO_INCREMENT,
  PRIMARY KEY (`PK_greatAnimal`))
ENGINE = InnoDB;


SET SQL_MODE=@OLD_SQL_MODE;
SET FOREIGN_KEY_CHECKS=@OLD_FOREIGN_KEY_CHECKS;
SET UNIQUE_CHECKS=@OLD_UNIQUE_CHECKS;

-- -----------------------------------------------------
-- Data for table `bd_sihv`.`people`
-- -----------------------------------------------------
START TRANSACTION;
USE `bd_sihv`;
INSERT INTO `bd_sihv`.`people` (`PK_person`, `namePerson`, `email`, `logicalExclusion`, `registrationDate`) VALUES (1, 'Heitor Monteiro', 'senhorx@email.com', 0, DEFAULT);

COMMIT;


-- -----------------------------------------------------
-- Data for table `bd_sihv`.`phones`
-- -----------------------------------------------------
START TRANSACTION;
USE `bd_sihv`;
INSERT INTO `bd_sihv`.`phones` (`PK_phone`, `numberPhone`, `people_PK_person`) VALUES (1, '(0$) 9F4%s-U3#c', 1);

COMMIT;


-- -----------------------------------------------------
-- Data for table `bd_sihv`.`users`
-- -----------------------------------------------------
START TRANSACTION;
USE `bd_sihv`;
INSERT INTO `bd_sihv`.`users` (`PK_user`, `userName`, `password`, `userProfile`, `userFunction`, `registrationNumber`, `people_PK_people`) VALUES (1, 'senhor x', '6d28e787a2ac472b3670e5a009d28b97', 'discente', 'estagiário', 'ufpa020202', 1);

COMMIT;


-- -----------------------------------------------------
-- Data for table `bd_sihv`.`physicalPerson`
-- -----------------------------------------------------
START TRANSACTION;
USE `bd_sihv`;
INSERT INTO `bd_sihv`.`physicalPerson` (`PK_physicalPerson`, `gender`, `people_PK_person`) VALUES (1, 'M', 1);

COMMIT;


-- -----------------------------------------------------
-- Data for table `bd_sihv`.`classAnimal`
-- -----------------------------------------------------
START TRANSACTION;
USE `bd_sihv`;
INSERT INTO `bd_sihv`.`classAnimal` (`PK_classAnimal`, `nameClass`) VALUES (1, 'Mammalia');
INSERT INTO `bd_sihv`.`classAnimal` (`PK_classAnimal`, `nameClass`) VALUES (2, 'Aves');
INSERT INTO `bd_sihv`.`classAnimal` (`PK_classAnimal`, `nameClass`) VALUES (3, 'Repteis');
INSERT INTO `bd_sihv`.`classAnimal` (`PK_classAnimal`, `nameClass`) VALUES (4, 'Peixes');
INSERT INTO `bd_sihv`.`classAnimal` (`PK_classAnimal`, `nameClass`) VALUES (5, 'Anfíbios');
INSERT INTO `bd_sihv`.`classAnimal` (`PK_classAnimal`, `nameClass`) VALUES (6, 'Artrópodes');

COMMIT;


-- -----------------------------------------------------
-- Data for table `bd_sihv`.`order`
-- -----------------------------------------------------
START TRANSACTION;
USE `bd_sihv`;
INSERT INTO `bd_sihv`.`order` (`PK_order`, `classAnimal_PK_classAnimal`, `orderName`, `dataOrderRegister`) VALUES (1, 1, 'Carnivora', DEFAULT);

COMMIT;


-- -----------------------------------------------------
-- Data for table `bd_sihv`.`genre`
-- -----------------------------------------------------
START TRANSACTION;
USE `bd_sihv`;
INSERT INTO `bd_sihv`.`genre` (`PK_genre`, `order_PK_order`, `order_classAnimal_PK_classAnimal`, `genreName`, `dataGenreRegister`) VALUES (1, 1, 1, 'Canis', DEFAULT);
INSERT INTO `bd_sihv`.`genre` (`PK_genre`, `order_PK_order`, `order_classAnimal_PK_classAnimal`, `genreName`, `dataGenreRegister`) VALUES (2, 1, 1, 'Felis', DEFAULT);

COMMIT;


-- -----------------------------------------------------
-- Data for table `bd_sihv`.`species`
-- -----------------------------------------------------
START TRANSACTION;
USE `bd_sihv`;
INSERT INTO `bd_sihv`.`species` (`PK_species`, `genre_PK_genre`, `genre_order_PK_order`, `genre_order_classAnimal_PK_classAnimal`, `nameSpecies`, `dataSpeciesRegister`) VALUES (1, 1, 1, 1, 'Canino', DEFAULT);
INSERT INTO `bd_sihv`.`species` (`PK_species`, `genre_PK_genre`, `genre_order_PK_order`, `genre_order_classAnimal_PK_classAnimal`, `nameSpecies`, `dataSpeciesRegister`) VALUES (2, 2, 1, 1, 'Felino', DEFAULT);

COMMIT;


-- -----------------------------------------------------
-- Data for table `bd_sihv`.`races`
-- -----------------------------------------------------
START TRANSACTION;
USE `bd_sihv`;
INSERT INTO `bd_sihv`.`races` (`PK_races`, `species_PK_species`, `species_genre_PK_genre`, `species_genre_order_PK_order`, `species_genre_order_classAnimal_PK_classAnimal`, `nameRaces`, `dataRaceRegister`) VALUES (1, 1, 1, 1, 1, 'S.R.D.', DEFAULT);
INSERT INTO `bd_sihv`.`races` (`PK_races`, `species_PK_species`, `species_genre_PK_genre`, `species_genre_order_PK_order`, `species_genre_order_classAnimal_PK_classAnimal`, `nameRaces`, `dataRaceRegister`) VALUES (2, 2, 2, 1, 1, 'S.R.D.', DEFAULT);

COMMIT;


-- -----------------------------------------------------
-- Data for table `bd_sihv`.`logBook`
-- -----------------------------------------------------
START TRANSACTION;
USE `bd_sihv`;
INSERT INTO `bd_sihv`.`logBook` (`PK_logBook`, `task`) VALUES (1, 'Cadastrou usuário do sistema');
INSERT INTO `bd_sihv`.`logBook` (`PK_logBook`, `task`) VALUES (2, 'Cadastrou proprietário');
INSERT INTO `bd_sihv`.`logBook` (`PK_logBook`, `task`) VALUES (3, 'Cadastrou animal pequeno');
INSERT INTO `bd_sihv`.`logBook` (`PK_logBook`, `task`) VALUES (4, 'Cadastrou uma consulta veterinária');
INSERT INTO `bd_sihv`.`logBook` (`PK_logBook`, `task`) VALUES (5, 'Cadastrou procedimento veterinário');

COMMIT;


-- -----------------------------------------------------
-- Data for table `bd_sihv`.`powers`
-- -----------------------------------------------------
START TRANSACTION;
USE `bd_sihv`;
INSERT INTO `bd_sihv`.`powers` (`PK_power`, `namePower`, `descriptionPower`) VALUES (1, 'registerUser', 'cadastrar usuário do sistema');
INSERT INTO `bd_sihv`.`powers` (`PK_power`, `namePower`, `descriptionPower`) VALUES (2, 'registerOwner', 'cadastrar proprietário');
INSERT INTO `bd_sihv`.`powers` (`PK_power`, `namePower`, `descriptionPower`) VALUES (3, 'registerSmallAnimal', 'cadastrar animal pequeno');
INSERT INTO `bd_sihv`.`powers` (`PK_power`, `namePower`, `descriptionPower`) VALUES (4, 'makeConsultations', 'realizar consultas');
INSERT INTO `bd_sihv`.`powers` (`PK_power`, `namePower`, `descriptionPower`) VALUES (5, 'manipulateConsultationSchedules', 'manipular agendamentos de consultas');
INSERT INTO `bd_sihv`.`powers` (`PK_power`, `namePower`, `descriptionPower`) VALUES (6, 'searchSystemLogs', 'buscar logs do sistema');
INSERT INTO `bd_sihv`.`powers` (`PK_power`, `namePower`, `descriptionPower`) VALUES (7, 'registerAndEditHOVETprocedures', 'cadastrar e editar procedimentos do HOVET');
INSERT INTO `bd_sihv`.`powers` (`PK_power`, `namePower`, `descriptionPower`) VALUES (8, 'declareSmallAnimalDeath', 'declarar óbito do animal pequeno');
INSERT INTO `bd_sihv`.`powers` (`PK_power`, `namePower`, `descriptionPower`) VALUES (9, 'pendingRadiographs', 'Atender radiografias pendentes');

COMMIT;


-- -----------------------------------------------------
-- Data for table `bd_sihv`.`nation`
-- -----------------------------------------------------
START TRANSACTION;
USE `bd_sihv`;
INSERT INTO `bd_sihv`.`nation` (`PK_nation`, `fullNameNation`, `iso3166_1Alpha2`, `registrationDate`) VALUES (1, 'Brasil', 'BR', DEFAULT);

COMMIT;


-- -----------------------------------------------------
-- Data for table `bd_sihv`.`federationUnity`
-- -----------------------------------------------------
START TRANSACTION;
USE `bd_sihv`;
INSERT INTO `bd_sihv`.`federationUnity` (`PK_federationUnity`, `uf`, `fullName`, `nation_PK_nation`, `registrationDate`) VALUES (1, 'PA', 'Pará', 1, DEFAULT);
INSERT INTO `bd_sihv`.`federationUnity` (`PK_federationUnity`, `uf`, `fullName`, `nation_PK_nation`, `registrationDate`) VALUES (2, 'AC', 'Acre', 1, DEFAULT);
INSERT INTO `bd_sihv`.`federationUnity` (`PK_federationUnity`, `uf`, `fullName`, `nation_PK_nation`, `registrationDate`) VALUES (3, 'AL', 'Alagoas', 1, DEFAULT);
INSERT INTO `bd_sihv`.`federationUnity` (`PK_federationUnity`, `uf`, `fullName`, `nation_PK_nation`, `registrationDate`) VALUES (4, 'AP', 'Amapá', 1, DEFAULT);
INSERT INTO `bd_sihv`.`federationUnity` (`PK_federationUnity`, `uf`, `fullName`, `nation_PK_nation`, `registrationDate`) VALUES (5, 'AM', 'Amazonas', 1, DEFAULT);
INSERT INTO `bd_sihv`.`federationUnity` (`PK_federationUnity`, `uf`, `fullName`, `nation_PK_nation`, `registrationDate`) VALUES (6, 'BA', 'Bahia', 1, DEFAULT);
INSERT INTO `bd_sihv`.`federationUnity` (`PK_federationUnity`, `uf`, `fullName`, `nation_PK_nation`, `registrationDate`) VALUES (7, 'CE', 'Ceará', 1, DEFAULT);
INSERT INTO `bd_sihv`.`federationUnity` (`PK_federationUnity`, `uf`, `fullName`, `nation_PK_nation`, `registrationDate`) VALUES (8, 'DF', 'Distrito Federal', 1, DEFAULT);
INSERT INTO `bd_sihv`.`federationUnity` (`PK_federationUnity`, `uf`, `fullName`, `nation_PK_nation`, `registrationDate`) VALUES (9, 'ES', 'Espírito Santo', 1, DEFAULT);
INSERT INTO `bd_sihv`.`federationUnity` (`PK_federationUnity`, `uf`, `fullName`, `nation_PK_nation`, `registrationDate`) VALUES (10, 'GO', 'Goiás', 1, DEFAULT);
INSERT INTO `bd_sihv`.`federationUnity` (`PK_federationUnity`, `uf`, `fullName`, `nation_PK_nation`, `registrationDate`) VALUES (11, 'MA', 'Maranhão', 1, DEFAULT);
INSERT INTO `bd_sihv`.`federationUnity` (`PK_federationUnity`, `uf`, `fullName`, `nation_PK_nation`, `registrationDate`) VALUES (12, 'MT', 'Mato Grosso', 1, DEFAULT);
INSERT INTO `bd_sihv`.`federationUnity` (`PK_federationUnity`, `uf`, `fullName`, `nation_PK_nation`, `registrationDate`) VALUES (13, 'MS', 'Mato Grosso do Sul', 1, DEFAULT);
INSERT INTO `bd_sihv`.`federationUnity` (`PK_federationUnity`, `uf`, `fullName`, `nation_PK_nation`, `registrationDate`) VALUES (14, 'MG', 'Minas Gerais', 1, DEFAULT);
INSERT INTO `bd_sihv`.`federationUnity` (`PK_federationUnity`, `uf`, `fullName`, `nation_PK_nation`, `registrationDate`) VALUES (15, 'PB', 'Paraíba', 1, DEFAULT);
INSERT INTO `bd_sihv`.`federationUnity` (`PK_federationUnity`, `uf`, `fullName`, `nation_PK_nation`, `registrationDate`) VALUES (16, 'PR', 'Paraná', 1, DEFAULT);
INSERT INTO `bd_sihv`.`federationUnity` (`PK_federationUnity`, `uf`, `fullName`, `nation_PK_nation`, `registrationDate`) VALUES (17, 'PE', 'Pernambuco', 1, DEFAULT);
INSERT INTO `bd_sihv`.`federationUnity` (`PK_federationUnity`, `uf`, `fullName`, `nation_PK_nation`, `registrationDate`) VALUES (18, 'PI', 'Piauí', 1, DEFAULT);
INSERT INTO `bd_sihv`.`federationUnity` (`PK_federationUnity`, `uf`, `fullName`, `nation_PK_nation`, `registrationDate`) VALUES (19, 'RN', 'Rio Grande do Norte', 1, DEFAULT);
INSERT INTO `bd_sihv`.`federationUnity` (`PK_federationUnity`, `uf`, `fullName`, `nation_PK_nation`, `registrationDate`) VALUES (20, 'RS', 'Rio Grande do Sul', 1, DEFAULT);
INSERT INTO `bd_sihv`.`federationUnity` (`PK_federationUnity`, `uf`, `fullName`, `nation_PK_nation`, `registrationDate`) VALUES (21, 'RJ', 'Rio de Janeiro', 1, DEFAULT);
INSERT INTO `bd_sihv`.`federationUnity` (`PK_federationUnity`, `uf`, `fullName`, `nation_PK_nation`, `registrationDate`) VALUES (22, 'RO', 'Rondônia', 1, DEFAULT);
INSERT INTO `bd_sihv`.`federationUnity` (`PK_federationUnity`, `uf`, `fullName`, `nation_PK_nation`, `registrationDate`) VALUES (23, 'RR', 'Roraima', 1, DEFAULT);
INSERT INTO `bd_sihv`.`federationUnity` (`PK_federationUnity`, `uf`, `fullName`, `nation_PK_nation`, `registrationDate`) VALUES (24, 'SC', 'Santa Catarina', 1, DEFAULT);
INSERT INTO `bd_sihv`.`federationUnity` (`PK_federationUnity`, `uf`, `fullName`, `nation_PK_nation`, `registrationDate`) VALUES (25, 'SP', 'São Paulo', 1, DEFAULT);
INSERT INTO `bd_sihv`.`federationUnity` (`PK_federationUnity`, `uf`, `fullName`, `nation_PK_nation`, `registrationDate`) VALUES (26, 'SE', 'Sergipe', 1, DEFAULT);
INSERT INTO `bd_sihv`.`federationUnity` (`PK_federationUnity`, `uf`, `fullName`, `nation_PK_nation`, `registrationDate`) VALUES (27, 'TO', 'Tocantins', 1, DEFAULT);

COMMIT;


-- -----------------------------------------------------
-- Data for table `bd_sihv`.`city`
-- -----------------------------------------------------
START TRANSACTION;
USE `bd_sihv`;
INSERT INTO `bd_sihv`.`city` (`PK_city`, `fullNameCity`, `federationUnity_PK_federationUnity`, `registrationDate`) VALUES (1, 'Castanhal', 1, DEFAULT);
INSERT INTO `bd_sihv`.`city` (`PK_city`, `fullNameCity`, `federationUnity_PK_federationUnity`, `registrationDate`) VALUES (2, 'Belém', 1, DEFAULT);
INSERT INTO `bd_sihv`.`city` (`PK_city`, `fullNameCity`, `federationUnity_PK_federationUnity`, `registrationDate`) VALUES (3, 'Santa Isabel Do Pará', 1, DEFAULT);
INSERT INTO `bd_sihv`.`city` (`PK_city`, `fullNameCity`, `federationUnity_PK_federationUnity`, `registrationDate`) VALUES (4, 'Santo Antonio Do Tauá', 1, DEFAULT);
INSERT INTO `bd_sihv`.`city` (`PK_city`, `fullNameCity`, `federationUnity_PK_federationUnity`, `registrationDate`) VALUES (5, 'Capanema', 1, DEFAULT);

COMMIT;


-- -----------------------------------------------------
-- Data for table `bd_sihv`.`street`
-- -----------------------------------------------------
START TRANSACTION;
USE `bd_sihv`;
INSERT INTO `bd_sihv`.`street` (`PK_street`, `nameStreet`, `registrationDate`) VALUES (1, 'Rua São José', DEFAULT);

COMMIT;


-- -----------------------------------------------------
-- Data for table `bd_sihv`.`powers_has_users`
-- -----------------------------------------------------
START TRANSACTION;
USE `bd_sihv`;
INSERT INTO `bd_sihv`.`powers_has_users` (`PK_powersHasUsers`, `powers_PK_power`, `users_PK_user`) VALUES (1, 1, 1);
INSERT INTO `bd_sihv`.`powers_has_users` (`PK_powersHasUsers`, `powers_PK_power`, `users_PK_user`) VALUES (2, 2, 1);
INSERT INTO `bd_sihv`.`powers_has_users` (`PK_powersHasUsers`, `powers_PK_power`, `users_PK_user`) VALUES (3, 3, 1);
INSERT INTO `bd_sihv`.`powers_has_users` (`PK_powersHasUsers`, `powers_PK_power`, `users_PK_user`) VALUES (4, 4, 1);
INSERT INTO `bd_sihv`.`powers_has_users` (`PK_powersHasUsers`, `powers_PK_power`, `users_PK_user`) VALUES (5, 5, 1);
INSERT INTO `bd_sihv`.`powers_has_users` (`PK_powersHasUsers`, `powers_PK_power`, `users_PK_user`) VALUES (6, 6, 1);
INSERT INTO `bd_sihv`.`powers_has_users` (`PK_powersHasUsers`, `powers_PK_power`, `users_PK_user`) VALUES (7, 7, 1);
INSERT INTO `bd_sihv`.`powers_has_users` (`PK_powersHasUsers`, `powers_PK_power`, `users_PK_user`) VALUES (8, 8, 1);

COMMIT;


-- -----------------------------------------------------
-- Data for table `bd_sihv`.`neighborhood`
-- -----------------------------------------------------
START TRANSACTION;
USE `bd_sihv`;
INSERT INTO `bd_sihv`.`neighborhood` (`PK_neighborhood`, `neighborhood`, `city_PK_city`, `registrationDate`) VALUES (1, 'Jaderlândia', 1, DEFAULT);

COMMIT;


-- -----------------------------------------------------
-- Data for table `bd_sihv`.`address`
-- -----------------------------------------------------
START TRANSACTION;
USE `bd_sihv`;
INSERT INTO `bd_sihv`.`address` (`PK_address`, `neighborhood_PK_neighborhood`, `neighborhood_city_PK_city`, `street_PK_street`) VALUES (1, 1, 1, 1);

COMMIT;


-- -----------------------------------------------------
-- Data for table `bd_sihv`.`houses`
-- -----------------------------------------------------
START TRANSACTION;
USE `bd_sihv`;
INSERT INTO `bd_sihv`.`houses` (`PK_house`, `numberHouse`, `numberCEP`, `complement`, `people_PK_person`, `address_PK_address`) VALUES (1, '0000', '68746-670', 'Esta casa é fictícia', 1, 1);

COMMIT;


-- -----------------------------------------------------
-- Data for table `bd_sihv`.`category`
-- -----------------------------------------------------
START TRANSACTION;
USE `bd_sihv`;
INSERT INTO `bd_sihv`.`category` (`PK_category`, `abbreviation`, `description`, `applicationDate`) VALUES (1, 'PP', 'até 10 kg', DEFAULT);
INSERT INTO `bd_sihv`.`category` (`PK_category`, `abbreviation`, `description`, `applicationDate`) VALUES (2, 'MP', 'acima de 10 kg e abaixo de 20 kg', DEFAULT);
INSERT INTO `bd_sihv`.`category` (`PK_category`, `abbreviation`, `description`, `applicationDate`) VALUES (3, 'GP', 'acima de 20 kg', DEFAULT);

COMMIT;


-- -----------------------------------------------------
-- Data for table `bd_sihv`.`cpf`
-- -----------------------------------------------------
START TRANSACTION;
USE `bd_sihv`;
INSERT INTO `bd_sihv`.`cpf` (`PK_cpf`, `cpf`, `physicalPerson_PK_physicalPerson`, `physicalPerson_people_PK_person`) VALUES (1, '0@Q.4$H.8*L-(1', 1, 1);

COMMIT;


-- -----------------------------------------------------
-- Data for table `bd_sihv`.`rg`
-- -----------------------------------------------------
START TRANSACTION;
USE `bd_sihv`;
INSERT INTO `bd_sihv`.`rg` (`PK_rg`, `rg`, `physicalPerson_PK_physicalPerson`, `physicalPerson_people_PK_person`) VALUES (1, 'n#Dr&X8', 1, 1);

COMMIT;

